A Light in the Attic,Three,£51.77,In stock
Tipping the Velvet,One,£53.74,In stock
Soumission,One,£50.10,In stock
Sharp Objects,Four,£47.82,In stock
Sapiens: A Brief History of Humankind,Five,£54.23,In stock
The Requiem Red,One,£22.65,In stock
The Dirty Little Secrets of Getting Your Dream Job,Four,£33.34,In stock
"The Coming Woman: A Novel Based on the Life of the Infamous Feminist, Victoria Woodhull",Three,£17.93,In stock
The Boys in the Boat: Nine Americans and Their Epic Quest for Gold at the 1936 Berlin Olympics,Four,£22.60,In stock
The Black Maria,One,£52.15,In stock
"Starving Hearts (Triangular Trade Trilogy, #1)",Two,£13.99,In stock
Shakespeare's Sonnets,Four,£20.66,In stock
Set Me Free,Five,£17.46,In stock
Scott Pilgrim's Precious Little Life (Scott Pilgrim #1),Five,£52.29,In stock
Rip it Up and Start Again,Five,£35.02,In stock
"Our Band Could Be Your Life: Scenes from the American Indie Underground, 1981-1991",Three,£57.25,In stock
Olio,One,£23.88,In stock
Mesaerion: The Best Science Fiction Stories 1800-1849,One,£37.59,In stock
Libertarianism for Beginners,Two,£51.33,In stock
It's Only the Himalayas,Two,£45.17,In stock
